lastUpdated,title,url
" This page was last edited on 1 January 2021, at 17:28",Kevin Bacon,https://en.wikipedia.org/wiki/Kevin_Bacon
" This page was last edited on 14 January 2021, at 17:54", (TV series),https://en.wikipedia.org/wiki/I_Love_Dick_(TV_series)
" This page was last edited on 27 January 2021, at 03:00",SixDegrees.org,https://en.wikipedia.org/wiki/SixDegrees.org
" This page was last edited on 28 January 2021, at 02:04",Primetime Emmy Award,https://en.wikipedia.org/wiki/Primetime_Emmy_Award
" This page was last edited on 26 December 2020, at 21:28",Six Degrees of Kevin Bacon,https://en.wikipedia.org/wiki/Six_Degrees_of_Kevin_Bacon
" This page was last edited on 12 January 2021, at 08:49",Golden Globe Award for Best Actor – Television Series Musical or Comedy,https://en.wikipedia.org/wiki/Golden_Globe_Award_for_Best_Actor_%E2%80%93_Television_Series_Musical_or_Comedy
" This page was last edited on 21 December 2020, at 21:18",Hollywood Walk of Fame,https://en.wikipedia.org/wiki/Hollywood_Walk_of_Fame
" This page was last edited on 22 January 2021, at 01:48",[<Selector xpath='//h1/i/text()' data='The Guardian'>],https://en.wikipedia.org/wiki/The_Guardian
" This page was last edited on 1 February 2021, at 19:40",Social networking service,https://en.wikipedia.org/wiki/Social_networking_service
" This page was last edited on 25 January 2021, at 18:03",Screen Actors Guild Awards,https://en.wikipedia.org/wiki/Screen_Actors_Guild_Award
" This page was last edited on 30 January 2021, at 16:14",Academy Awards,https://en.wikipedia.org/wiki/Academy_Award
" This page was last edited on 26 January 2021, at 14:00",Golden Globe Awards,https://en.wikipedia.org/wiki/Golden_Globe_Award
" This page was last edited on 31 January 2021, at 02:04",[<Selector xpath='//h1/i/text()' data='Taking Chance'>],https://en.wikipedia.org/wiki/Taking_Chance
" This page was last edited on 24 January 2021, at 08:26",[<Selector xpath='//h1/i/text()' data='The Following'>],https://en.wikipedia.org/wiki/The_Following
" This page was last edited on 19 October 2019, at 13:42",Système universitaire de documentation,https://en.wikipedia.org/wiki/SUDOC_(identifier)
" This page was last edited on 10 November 2020, at 08:18",Main Page,https://en.wikipedia.org/wiki/Main_Page
" This page was last edited on 24 January 2021, at 23:37",WorldCat,https://en.wikipedia.org/wiki/WorldCat_Identities_(identifier)
" This page was last edited on 6 January 2021, at 11:44",[<Selector xpath='//h1/i/text()' data='Los Angeles Daily News'>],https://en.wikipedia.org/wiki/Los_Angeles_Daily_News
" This page was last edited on 30 January 2021, at 19:32",Fox Broadcasting Company,https://en.wikipedia.org/wiki/Fox_Broadcasting_Company
" This page was last edited on 1 February 2021, at 01:03",HBO,https://en.wikipedia.org/wiki/HBO
" This page was last edited on 15 July 2020, at 20:07",Satellite Award for Best Actress – Television Series Musical or Comedy,https://en.wikipedia.org/wiki/Satellite_Award_for_Best_Actress_%E2%80%93_Television_Series_Musical_or_Comedy
" This page was last edited on 16 January 2021, at 22:02",Virtual International Authority File,https://en.wikipedia.org/wiki/VIAF_(identifier)
" This page was last edited on 31 January 2021, at 23:21", (TV series),https://en.wikipedia.org/wiki/In%C3%A9s_of_My_Soul_(TV_series)
